"ID","pclass","name","sex","age","sibsp","parch","ticket","fare","cabin","embarked"
1,3,"Sdy*****","male",NA,0,0,"349222",7.8958,"","S"
2,3,"Pel*****","male",25,0,0,"STON/O 2. 3101291",7.925,"","S"
3,3,"Kar*****","male",22,0,0,"350060",7.5208,"","S"
4,3,"Saa*****","male",NA,0,0,"2676",7.225,"","C"
5,3,"Cor*****","male",19,0,0,"349231",7.8958,"","S"
6,1,"Wri*****","male",62,0,0,"113807",26.55,"","S"
7,2,"Tur*****","male",29,1,0,"11668",21,"","S"
8,3,"Sho*****","male",NA,0,0,"374910",8.05,"","S"
9,2,"Bot*****","male",26,0,0,"237670",13,"","S"
10,3,"Van*****","female",31,1,0,"345763",18,"","S"
11,3,"Sto*****","male",60.5,0,0,"3701",NA,"","S"
12,3,"Cor*****","male",35,0,0,"349230",7.8958,"","S"
13,2,"Gal*****","male",38,1,0,"28664",21,"","S"
14,1,"Sil*****","male",50,1,0,"13507",55.9,"E44","S"
15,3,"Pau*****","male",NA,0,0,"3411",8.7125,"","C"
16,3,"Ols*****","male",20,0,0,"6563",9.225,"","S"
17,3,"And*****","female",38,4,2,"347091",7.775,"","S"
18,3,"Ali*****","male",25,0,0,"SOTON/O.Q. 3101312",7.05,"","S"
19,2,"Per*****","male",41,0,0,"237393",13,"","S"
20,1,"Spe*****","male",57,1,0,"PC 17569",146.5208,"B78","C"
21,3,"Bac*****","male",20,0,0,"2679",7.225,"","C"
22,3,"Zak*****","male",26.5,0,0,"2656",7.225,"","C"
23,3,"Ols*****","male",28,0,0,"C 4001",22.525,"","S"
24,3,"Tor*****","male",44,0,0,"364511",8.05,"","S"
25,1,"Wid*****","male",27,0,2,"113503",211.5,"C82","C"
26,3,"Lar*****","male",22,0,0,"347065",7.775,"","S"
27,3,"Siv*****","male",40,0,0,"349251",7.8958,"","S"
28,1,"Ast*****","male",47,1,0,"PC 17757",227.525,"C62 C64","C"
29,3,"She*****","male",NA,0,0,"C.A. 6212",15.1,"","S"
30,3,"Fol*****","male",26,0,0,"330910",7.8792,"","Q"
31,3,"Lin*****","female",30,1,0,"349910",15.55,"","S"
32,1,"For*****","male",19,3,2,"19950",263,"C23 C25 C27","S"
33,3,"Dyk*****","male",23,1,0,"347072",13.9,"","S"
34,3,"Hum*****","male",42,0,0,"348121",7.65,"F G63","S"
35,3,"Col*****","male",24,0,0,"349209",7.4958,"","S"
36,3,"Bou*****","female",NA,0,2,"2678",15.2458,"","C"
37,2,"Swe*****","male",14,0,0,"220845",65,"","S"
38,3,"Joh*****","male",33,0,0,"347062",7.775,"","S"
39,2,"Pul*****","male",27,0,0,"SC/PARIS 2168",15.0333,"","C"
40,1,"Kee*****","male",32.5,0,0,"113503",211.5,"C132","C"
41,1,"Gra*****","male",38,0,1,"PC 17582",153.4625,"C91","S"
42,3,"Han*****","male",41,2,0,"350026",14.1083,"","S"
43,3,"Sve*****","male",24,0,0,"350035",7.7958,"","S"
44,2,"But*****","male",25,0,0,"234686",13,"","S"
45,3,"Nen*****","male",NA,0,0,"349234",7.8958,"","S"
46,3,"Cre*****","male",19,0,0,"S.P. 3464",8.1583,"","S"
47,3,"Fle*****","female",NA,0,0,"364859",7.75,"","Q"
48,3,"Dim*****","male",42,0,0,"315088",8.6625,"","S"
49,3,"Hag*****","female",17,0,0,"AQ/3. 30631",7.7333,"","Q"
50,3,"Ped*****","male",NA,0,0,"345498",7.775,"","S"
51,1,"Cas*****","male",49,0,0,"19924",26,"","S"
52,3,"Lyn*****","male",NA,0,0,"349235",7.8958,"","S"
53,2,"Jar*****","male",47,0,0,"237565",15,"","S"
54,2,"Gil*****","male",21,1,0,"28134",11.5,"","S"
55,3,"Rad*****","male",NA,0,0,"349223",7.8958,"","S"
56,3,"And*****","male",20,0,0,"347466",7.8542,"","S"
57,2,"Mud*****","male",16,0,0,"S.O./P.P. 3",10.5,"","S"
58,3,"Bet*****","male",NA,0,0,"2622",7.2292,"","C"
59,3,"For*****","female",48,1,3,"W./C. 6608",34.375,"","S"
60,2,"Jac*****","male",42,1,0,"243847",27,"","S"
61,3,"Ada*****","male",26,0,0,"341826",8.05,"","S"
62,3,"Pas*****","male",21,0,0,"315097",8.6625,"","S"
63,3,"Ris*****","male",NA,0,0,"364498",14.5,"","S"
64,3,"Kal*****","male",17,0,0,"STON/O 2. 3101274",7.125,"","S"
65,3,"Chr*****","male",29,0,0,"343276",8.05,"","S"
66,3,"Wil*****","male",NA,0,0,"A/5 2466",8.05,"","S"
67,3,"Cal*****","male",17,0,0,"315086",8.6625,"","S"
68,2,"Per*****","male",NA,0,0,"SC/PARIS 2131",15.05,"","C"
69,2,"Mat*****","male",30,0,0,"28228",13,"","S"
70,3,"Lef*****","male",NA,3,1,"4133",25.4667,"","S"
71,2,"Gal*****","male",34,1,0,"28664",21,"","S"
72,1,"Smi*****","male",56,0,0,"17764",30.6958,"A7","C"
73,1,"Nic*****","male",64,0,0,"693",26,"","S"
74,2,"Bro*****","male",60,1,1,"29750",39,"","S"
75,1,"Str*****","female",63,1,0,"PC 17483",221.7792,"C55 C57","S"
76,3,"Lit*****","male",NA,0,0,"S.O./P.P. 251",7.55,"","S"
77,3,"Tor*****","male",NA,0,0,"2673",7.2292,"","C"
78,3,"Den*****","male",22,0,0,"A/5 21172",7.25,"","S"
79,3,"Pet*****","female",18,0,0,"347087",7.775,"","S"
80,2,"de *****","male",32,0,0,"244360",13,"","S"
81,3,"Win*****","male",21,0,0,"SOTON/OQ 3101317",7.25,"","S"
82,2,"Kni*****","male",NA,0,0,"239855",0,"","S"
83,3,"Gus*****","male",19,0,0,"347069",7.775,"","S"
84,3,"Cel*****","male",24,0,0,"343275",8.05,"","S"
85,1,"Rot*****","male",55,1,0,"PC 17603",59.4,"","C"
86,2,"Car*****","female",44,1,0,"244252",26,"","S"
87,3,"Joh*****","male",33,0,0,"7540",8.6542,"","S"
88,3,"Ols*****","male",42,0,1,"4579",8.4042,"","S"
89,3,"Ves*****","female",14,0,0,"350406",7.8542,"","S"
90,1,"Por*****","male",47,0,0,"110465",52,"C110","S"
91,2,"Gil*****","male",47,0,0,"C.A. 30769",10.5,"","S"
92,1,"Far*****","male",NA,0,0,"PC 17483",221.7792,"C95","S"
93,3,"Fly*****","male",NA,0,0,"364851",7.75,"","Q"
94,3,"Aro*****","male",24,0,0,"349911",7.775,"","S"
95,3,"Dav*****","male",21,2,0,"A/4 48871",24.15,"","S"
96,3,"McN*****","female",19,1,0,"376566",16.1,"","S"
97,3,"Den*****","male",NA,0,0,"349225",7.8958,"","S"
98,3,"Per*****","male",22,0,0,"A/5 21174",7.25,"","S"
99,1,"Sut*****","male",61,0,0,"36963",32.3208,"D50","S"
100,1,"Ken*****","male",41,1,0,"17464",51.8625,"D21","S"
101,2,"Col*****","male",31,1,1,"C.A. 31921",26.25,"","S"
102,2,"Pai*****","male",23,0,0,"244278",10.5,"","S"
103,2,"Pon*****","male",34,0,0,"250647",13,"","S"
104,3,"Asp*****","male",40,1,5,"347077",31.3875,"","S"
105,3,"Sim*****","male",NA,0,0,"SOTON/OQ 392082",8.05,"","S"
106,3,"Cac*****","male",18,0,0,"315091",8.6625,"","S"
107,3,"Wik*****","male",21,1,0,"3101266",6.4958,"","S"
108,3,"Sca*****","male",NA,0,0,"36209",7.725,"","Q"
109,2,"Whe*****","male",NA,0,0,"SC/PARIS 2159",12.875,"","S"
110,2,"Tro*****","male",23,0,0,"233639",13,"","S"
111,1,"Har*****","male",40,0,0,"112059",0,"B94","S"
112,1,"Van*****","male",61,0,0,"111240",33.5,"B19","S"
113,3,"Lef*****","female",NA,3,1,"4133",25.4667,"","S"
114,3,"Gon*****","male",38,0,0,"SOTON/O.Q. 3101306",7.05,"","S"
115,3,"Van*****","male",16,2,0,"345764",18,"","S"
116,3,"Lal*****","male",NA,0,0,"349217",7.8958,"","S"
117,1,"Reu*****","male",38,0,0,"19972",0,"","S"
118,3,"Sve*****","male",74,0,0,"347060",7.775,"","S"
119,3,"Wae*****","male",22,0,0,"345767",9,"","S"
120,3,"Kla*****","male",18,1,1,"350404",7.8542,"","S"
121,3,"Gol*****","male",41,0,0,"SOTON/O.Q. 3101263",7.85,"","S"
122,3,"Les*****","male",39,0,0,"A/4 48871",24.15,"","S"
123,3,"Alh*****","male",20,0,0,"SOTON/O2 3101287",7.925,"","S"
124,2,"Hic*****","male",32,2,0,"S.O.C. 14879",73.5,"","S"
125,3,"Rom*****","male",NA,0,0,"312993",7.775,"","S"
126,3,"McM*****","male",NA,0,0,"370372",7.75,"","Q"
127,3,"Lan*****","male",NA,0,0,"7935",7.75,"","Q"
128,3,"Kla*****","female",1,1,1,"350405",12.1833,"","S"
129,2,"Bra*****","male",27,0,0,"220367",13,"","S"
130,3,"Joh*****","male",NA,1,2,"W./C. 6607",23.45,"","S"
131,3,"Rus*****","male",16,0,0,"A/4. 20589",8.05,"","S"
132,3,"Joh*****","male",NA,1,2,"W./C. 6607",23.45,"","S"
133,3,"Sag*****","male",NA,8,2,"CA. 2343",69.55,"","S"
134,2,"Jef*****","male",22,2,0,"C.A. 31029",31.5,"","S"
135,3,"Dan*****","male",0.33,0,2,"347080",14.4,"","S"
136,3,"Pal*****","male",2,3,1,"349909",21.075,"","S"
137,3,"Cri*****","male",44,0,1,"371362",16.1,"","S"
138,2,"Ley*****","male",24,0,0,"C.A. 29566",10.5,"","S"
139,3,"Rii*****","female",22,0,0,"3101295",39.6875,"","S"
140,3,"Pal*****","female",3,3,1,"349909",21.075,"","S"
141,3,"Tod*****","male",NA,0,0,"349216",7.8958,"","S"
142,3,"Asi*****","male",35,0,0,"SOTON/O.Q. 3101310",7.05,"","S"
143,1,"Gig*****","male",24,0,0,"PC 17593",79.2,"B86","C"
144,2,"Kan*****","male",34,1,0,"244367",26,"","S"
145,3,"Cul*****","male",17,0,0,"315090",8.6625,"","S"
146,1,"Gol*****","male",71,0,0,"PC 17754",34.6542,"A5","C"
147,2,"McC*****","male",32,0,0,"237216",13.5,"","S"
148,3,"Ale*****","male",26,0,0,"3474",7.8875,"","S"
149,1,"Ros*****","male",36,0,0,"13049",40.125,"A10","C"
150,1,"Moo*****","male",47,0,0,"113796",42.4,"","S"
151,2,"Mon*****","male",27,0,0,"211536",13,"","S"
152,2,"Lam*****","male",NA,0,0,"240261",10.7083,"","Q"
153,2,"Hoc*****","male",36,0,0,"242963",13,"","S"
154,3,"Hag*****","male",NA,1,0,"65304",19.9667,"","S"
155,3,"Mat*****","male",NA,0,0,"349255",7.8958,"","C"
156,3,"Sag*****","male",14.5,8,2,"CA. 2343",69.55,"","S"
157,3,"Con*****","male",70.5,0,0,"370369",7.75,"","Q"
158,3,"Mor*****","male",NA,0,0,"372622",7.75,"","Q"
159,3,"Mar*****","male",35,0,0,"349213",7.8958,"","C"
160,1,"Min*****","male",44,2,0,"19928",90,"C78","Q"
161,1,"Cai*****","male",NA,0,0,"113798",31,"","S"
162,3,"Bar*****","female",27,0,0,"330844",7.8792,"","Q"
163,1,"Fut*****","male",37,1,0,"113803",53.1,"C123","S"
164,3,"Kha*****","female",NA,1,0,"2660",14.4542,"","C"
165,3,"Jen*****","male",48,0,0,"350047",7.8542,"","S"
166,3,"Oda*****","male",23,0,0,"7267",9.225,"","S"
167,3,"Tho*****","male",NA,0,0,"2681",6.4375,"","C"
168,3,"O'C*****","male",NA,0,0,"371060",7.75,"","Q"
169,3,"Sag*****","female",NA,8,2,"CA. 2343",69.55,"","S"
170,3,"Bou*****","F",32,1,1,"364849",15.5,"","Q"
171,2,"And*****","male",18,0,0,"231945",11.5,"","S"
172,3,"Kea*****","male",NA,0,0,"12460",7.75,"","Q"
173,3,"Ric*****","male",8,4,1,"382652",29.125,"","Q"
174,3,"Bou*****","male",NA,0,0,"2664",7.225,"","C"
175,2,"Kea*****","male",35,0,0,"233734",12.35,"","Q"
176,1,"Whi*****","male",21,0,1,"35281",77.2875,"D26","S"
177,3,"Ven*****","male",20,0,0,"350416",7.8542,"","S"
178,3,"Bra*****","male",29,1,0,"3460",7.0458,"","S"
179,3,"van*****","male",11.5,1,1,"A/5. 851",14.5,"","S"
180,3,"You*****","male",45.5,0,0,"2628",7.225,"","C"
181,3,"Lar*****","male",29,0,0,"7545",9.4833,"","S"
182,3,"Dra*****","male",33,0,0,"349241",7.8958,"","C"
183,3,"Arn*****","female",18,1,0,"349237",17.8,"","S"
184,1,"Chi*****","male",NA,0,0,"112051",0,"","S"
185,2,"Yro*****","female",24,0,0,"248747",13,"","S"
186,1,"Kla*****","male",NA,0,0,"113028",26.55,"C124","S"
187,1,"Roe*****","male",31,0,0,"PC 17590",50.4958,"A24","S"
188,3,"Ber*****","male",22,0,0,"PP 4348",9.35,"","S"
189,3,"Sag*****","female",NA,8,2,"CA. 2343",69.55,"","S"
190,1,"Cra*****","male",NA,0,0,"113791",26.55,"","S"
191,3,"Can*****","male",21,0,0,"364858",7.75,"","Q"
192,1,"Cav*****","male",36,1,0,"19877",78.85,"C46","S"
193,2,"Fah*****","male",18,0,0,"236171",13,"","S"
194,2,"Nic*****","male",19,1,1,"C.A. 33112",36.75,"","S"
195,1,"Cha*****","male",46,1,0,"W.E.P. 5734",61.175,"E31","S"
196,1,"Jul*****","male",50,0,0,"113044",26,"E60","S"
197,3,"Din*****","male",43,0,0,"349226",7.8958,"","S"
198,3,"Len*****","female",NA,1,0,"370371",15.5,"","Q"
199,3,"Lef*****","female",NA,3,1,"4133",25.4667,"","S"
200,2,"Gre*****","male",52,0,0,"250647",13,"","S"
201,3,"Fly*****","male",NA,0,0,"368323",6.95,"","Q"
202,2,"Sta*****","male",41,0,0,"237734",15.0458,"","C"
203,3,"Doo*****","male",32,0,0,"370376",7.75,"","Q"
204,3,"Moo*****","male",NA,0,0,"A4. 54510",8.05,"","S"
205,1,"Par*****","male",NA,0,0,"112052",0,"","S"
206,3,"de *****","male",16,0,0,"345778",9.5,"","S"
207,1,"For*****","male",30,0,0,"113051",27.75,"C111","C"
208,3,"Lin*****","female",25,0,0,"347071",7.775,"","S"
209,1,"All*****","male",30,1,2,"113781",151.55,"C22 C26","S"
210,3,"Bjo*****","male",18,0,0,"347090",7.75,"","S"
211,2,"Car*****","male",19,0,0,"28424",13,"","S"
212,1,"Ste*****","male",NA,0,0,"PC 17605",27.7208,"","C"
213,1,"Gee*****","male",47,0,0,"111320",38.5,"E63","S"
214,2,"Byl*****","male",42,0,0,"244310",13,"","S"
215,3,"And*****","female",9,4,2,"347082",31.275,"","S"
216,1,"Car*****","male",17,0,0,"113059",47.1,"","S"
217,3,"Mou*****","male",NA,0,0,"374746",8.05,"","S"
218,3,"Kar*****","male",30,0,0,"349246",7.8958,"","S"
219,3,"Kel*****","male",34.5,0,0,"330911",7.8292,"","Q"
220,2,"Mor*****","male",39,0,0,"250655",26,"","S"
221,2,"Lar*****","male",25,1,2,"SC/Paris 2123",41.5792,"","C"
222,3,"Mor*****","male",NA,0,0,"330877",8.4583,"","Q"
223,1,"Whi*****","male",54,0,1,"35281",77.2875,"D26","S"
224,3,"Ore*****","female",20,0,0,"315096",8.6625,"","S"
225,3,"Arn*****","male",25,1,0,"349237",17.8,"","S"
226,3,"Bir*****","male",21,0,0,"312992",7.775,"","S"
227,2,"War*****","male",23,1,0,"28666",10.5,"","S"
228,3,"Saw*****","male",24.5,0,0,"342826",8.05,"","S"
229,3,"Jon*****","male",23,0,0,"349204",7.8958,"","S"
230,1,"Mag*****","male",30,0,0,"110469",26,"C106","S"
231,2,"Nas*****","male",32.5,1,0,"237736",30.0708,"","C"
232,3,"Smi*****","male",NA,0,0,"384461",7.75,"","Q"
233,3,"Dav*****","male",17,2,0,"A/4 48873",8.05,"","S"
234,3,"Sla*****","male",NA,0,0,"349214",7.8958,"","S"
235,3,"Tou*****","male",NA,0,0,"2641",7.2292,"","C"
236,1,"Cro*****","male",70,1,1,"WE/P 5735",71,"B22","S"
237,3,"Len*****","male",NA,1,0,"370371",15.5,"","Q"
238,2,"And*****","male",25,0,0,"C.A. 34050",10.5,"","S"
239,3,"Tob*****","male",NA,0,0,"383121",7.75,"F38","Q"
240,2,"Fox*****","male",36,0,0,"229236",13,"","S"
241,3,"Ros*****","male",18,1,1,"370129",20.2125,"","S"
242,3,"Mea*****","female",NA,0,0,"SOTON/O.Q. 392087",8.05,"","S"
243,3,"Nau*****","female",NA,0,0,"365237",7.75,"","Q"
244,1,"Col*****","male",47,0,0,"5727",25.5875,"E58","S"
245,3,"Pea*****","male",NA,0,0,"343271",7,"","S"
246,2,"Sha*****","male",27,0,0,"244358",26,"","S"
247,2,"Sed*****","male",25,0,0,"244361",13,"","S"
248,3,"Pet*****","male",24,0,0,"342441",8.05,"","S"
249,3,"Sad*****","male",NA,0,0,"367655",7.7292,"","Q"
250,1,"Tau*****","male",52,1,1,"110413",79.65,"E67","S"
251,1,"Rin*****","male",22,0,0,"PC 17760",135.6333,"","C"
252,1,"Pea*****","male",29,1,0,"113776",66.6,"C2","S"
253,2,"Har*****","male",43,1,1,"F.C.C. 13529",26.25,"","S"
254,3,"Sha*****","male",NA,0,0,"370374",7.75,"","Q"
255,2,"Hoc*****","male",23,2,1,"29104",11.5,"","S"
256,3,"Ols*****","female",31,0,0,"350407",7.8542,"","S"
257,3,"Pea*****","male",0.75,1,1,"SOTON/O.Q. 3101315",13.775,"","S"
258,3,"Rek*****","male",38,0,0,"349249",7.8958,"","S"
259,3,"Doh*****","male",NA,0,0,"2686",7.2292,"","C"
260,1,"Rob*****","male",NA,0,0,"PC 17757",227.525,"","C"
261,3,"Sko*****","male",4,3,2,"347088",27.9,"","S"
262,2,"Cun*****","male",NA,0,0,"239853",0,"","S"
263,3,"Goo*****","male",1,5,2,"CA 2144",46.9,"","S"
264,3,"Zim*****","male",29,0,0,"315082",7.875,"","S"
265,2,"Lin*****","male",61,0,0,"235509",12.35,"","Q"
266,3,"Str*****","male",27,0,0,"315083",8.6625,"","S"
267,1,"Par*****","male",45.5,0,0,"113043",28.5,"C124","S"
268,2,"Gas*****","male",16,0,0,"239865",26,"","S"
269,3,"Str*****","female",22,0,0,"7553",9.8375,"","S"
270,3,"Pek*****","male",21,0,0,"STON/O 2. 3101294",7.925,"","S"
271,3,"Chr*****","male",26,1,0,"2680",14.4542,"","C"
272,3,"Joh*****","male",19,0,0,"LINE",0,"","S"
273,2,"Sle*****","male",35,0,0,"28206",10.5,"","S"
274,3,"Pet*****","female",NA,0,0,"330935",8.1375,"","Q"
275,3,"Ili*****","male",NA,0,0,"349220",7.8958,"","S"
276,3,"Ass*****","male",23,0,0,"SOTON/O.Q. 3101309",7.05,"","S"
277,3,"Hor*****","male",NA,0,0,"370377",7.75,"","Q"
278,3,"Van*****","male",28,0,0,"345770",9.5,"","S"
279,3,"Chr*****","male",18,1,0,"2680",14.4542,"","C"
280,3,"Joh*****","male",22,0,0,"350052",7.7958,"","S"
281,3,"Ose*****","male",16,0,0,"7534",9.2167,"","S"
282,3,"Kha*****","male",NA,1,0,"2660",14.4542,"","C"
283,3,"Mah*****","male",NA,0,0,"AQ/4 3130",7.75,"","Q"
284,3,"Dan*****","male",34,1,1,"347080",14.4,"","S"
285,2,"Cor*****","female",30,0,0,"237249",13,"","S"
286,3,"Sau*****","male",20,0,0,"A/5. 2151",8.05,"","S"
287,3,"Can*****","male",21,0,0,"A./5. 2152",8.05,"","S"
288,3,"Dav*****","male",NA,1,0,"386525",16.1,"","S"
289,2,"Cha*****","female",29,1,0,"SC/AH 29037",26,"","S"
290,1,"Art*****","male",71,0,0,"PC 17609",49.5042,"","C"
291,2,"Giv*****","male",30,0,0,"250646",13,"","S"
292,3,"Bur*****","female",18,0,0,"330963",7.8792,"","Q"
293,3,"Joh*****","male",49,0,0,"LINE",0,"","S"
294,2,"Wes*****","male",36,1,2,"C.A. 34651",27.75,"","S"
295,3,"Sko*****","male",40,1,4,"347088",27.9,"","S"
296,2,"Dea*****","male",17,0,0,"S.O.C. 14879",73.5,"","S"
297,1,"Roo*****","male",NA,0,0,"113767",50,"A32","S"
298,1,"Wid*****","male",50,1,1,"113503",211.5,"C80","C"
299,3,"War*****","male",NA,0,0,"359309",8.05,"","S"
300,3,"Kil*****","male",NA,0,0,"36865",7.7375,"","Q"
301,2,"Vea*****","male",40,0,0,"28221",13,"","S"
302,3,"McN*****","male",24,1,0,"376566",16.1,"","S"
303,3,"Ang*****","male",26,0,0,"349202",7.8958,"","S"
304,2,"Dib*****","male",18,0,0,"S.O.C. 14879",73.5,"","S"
305,2,"Cla*****","male",29,1,0,"2003",26,"","S"
306,2,"Ald*****","male",30,0,0,"248744",13,"","S"
307,1,"Wil*****","male",51,0,1,"PC 17597",61.3792,"","C"
308,2,"Jen*****","male",32,0,0,"C.A. 33111",10.5,"","S"
309,1,"Ish*****","female",50,0,0,"PC 17595",28.7125,"C49","C"
310,1,"Hoy*****","male",NA,0,0,"PC 17600",30.6958,"","C"
311,3,"And*****","female",2,4,2,"347082",31.275,"","S"
312,3,"Pal*****","female",29,0,4,"349909",21.075,"","S"
313,3,"Sag*****","F",NA,8,2,"CA. 2343",69.55,"","S"
314,3,"Sad*****","male",NA,0,0,"LP 1588",7.575,"","S"
315,3,"Bar*****","male",22,0,0,"324669",8.05,"","S"
316,3,"Col*****","male",36,0,0,"349210",7.4958,"","S"
317,3,"Wik*****","male",18,1,0,"3101267",6.4958,"","S"
318,3,"Zab*****","female",14.5,1,0,"2665",14.4542,"","C"
319,3,"Sko*****","male",10,3,2,"347088",27.9,"","S"
320,3,"All*****","male",35,0,0,"373450",8.05,"","S"
321,3,"Bad*****","male",40,0,0,"2623",7.225,"","C"
322,2,"McK*****","male",46,0,0,"28403",26,"","S"
323,3,"Som*****","male",30,0,0,"A.5. 18509",8.05,"","S"
324,3,"Spe*****","male",NA,0,0,"A.5. 3236",8.05,"","S"
325,2,"Cha*****","male",52,0,0,"248731",13.5,"","S"
326,2,"Gil*****","male",34,0,0,"12233",13,"","S"
327,3,"Kel*****","male",44,0,0,"363592",8.05,"","S"
328,1,"Mar*****","male",19,1,0,"113773",53.1,"D30","S"
329,2,"Ang*****","male",34,1,0,"226875",26,"","S"
330,1,"Sma*****","male",56,0,0,"113792",26.55,"","S"
331,2,"Fro*****","male",NA,0,0,"239854",0,"","S"
332,3,"Goo*****","male",9,5,2,"CA 2144",46.9,"","S"
333,3,"Tho*****","male",NA,0,0,"2684",7.225,"","C"
334,3,"Bra*****","female",20,0,0,"347471",7.8542,"","S"
335,1,"Str*****","male",67,1,0,"PC 17483",221.7792,"C55 C57","S"
336,3,"Sam*****","male",NA,2,0,"2662",21.6792,"","C"
337,2,"Cot*****","male",21,0,0,"29107",11.5,"","S"
338,1,"Ste*****","male",62,0,0,"113514",26.55,"C87","S"
339,2,"Fyn*****","male",35,0,0,"239865",26,"","S"
340,3,"And*****","male",26,0,0,"347075",7.775,"","S"
341,3,"Aug*****","male",23,0,0,"347468",7.8542,"","S"
342,3,"Far*****","male",40.5,0,0,"367232",7.75,"","Q"
343,3,"Ric*****","male",4,4,1,"382652",29.125,"","Q"
344,3,"Cac*****","male",38,0,0,"315089",8.6625,"","S"
345,3,"Goo*****","male",40,1,6,"CA 2144",46.9,"","S"
346,2,"Mit*****","male",70,0,0,"C.A. 24580",10.5,"","S"
347,2,"Ena*****","male",21,0,0,"236854",13,"","S"
348,2,"Hun*****","male",33,0,0,"SCO/W 1585",12.275,"","S"
349,3,"Web*****","male",NA,0,0,"SOTON/OQ 3101316",8.05,"","S"
350,3,"Sko*****","female",2,3,2,"347088",27.9,"","S"
351,3,"Mit*****","male",NA,0,0,"349221",7.8958,"","S"
352,3,"Yas*****","male",27,1,0,"2659",14.4542,"","C"
353,3,"Nys*****","male",61,0,0,"345364",6.2375,"","S"
354,3,"Pea*****","female",3,1,1,"SOTON/O.Q. 3101315",13.775,"","S"
355,3,"Ris*****","female",NA,0,0,"364498",14.5,"","S"
356,3,"Abb*****","male",16,1,1,"C.A. 2673",20.25,"","S"
357,1,"New*****","male",58,0,2,"35273",113.275,"D48","C"
358,3,"Mur*****","male",NA,0,0,"A./5. 3235",8.05,"","S"
359,1,"Pay*****","male",23,0,0,"12749",93.5,"B24","S"
360,3,"Jar*****","male",NA,0,0,"SOTON/O.Q. 3101305",7.05,"","S"
361,3,"Gil*****","male",22,0,0,"14973",8.05,"","S"
362,2,"Lou*****","male",50,1,0,"SC/AH 3085",26,"","S"
363,3,"Rou*****","male",50,0,0,"A/5 3594",8.05,"","S"
364,3,"Mor*****","male",NA,1,0,"371110",24.15,"","Q"
365,3,"Kee*****","male",NA,0,0,"323592",7.25,"","S"
366,3,"You*****","male",NA,0,0,"2647",7.225,"","C"
367,3,"Goo*****","male",11,5,2,"CA 2144",46.9,"","S"
368,2,"Cha*****","male",37,1,0,"SC/AH 29037",26,"","S"
369,3,"O'D*****","female",NA,0,0,"364856",7.75,"","Q"
370,3,"Har*****","male",25,0,0,"374887",7.25,"","S"
371,3,"Lin*****","male",NA,0,0,"330971",7.8792,"","Q"
372,3,"O'C*****","male",NA,0,0,"334912",7.7333,"","Q"
373,3,"Ore*****","female",23,0,0,"315085",8.6625,"","S"
374,3,"Gue*****","male",NA,0,0,"376563",8.05,"","S"
375,1,"Bra*****","male",41,0,0,"113054",30.5,"A21","S"
376,2,"Bea*****","male",28,0,0,"244358",26,"","S"
377,3,"Rog*****","male",NA,0,0,"S.C./A.4. 23567",8.05,"","S"
378,2,"Myl*****","male",62,0,0,"240276",9.6875,"","Q"
379,3,"Ols*****","male",28,0,0,"347464",7.8542,"","S"
380,3,"Van*****","male",28,0,0,"345783",9.5,"","S"
381,3,"Pan*****","male",2,4,1,"3101295",39.6875,"","S"
382,3,"Pet*****","male",NA,0,0,"349215",7.8958,"","S"
383,2,"War*****","male",30,1,0,"CA 31352",21,"","S"
384,3,"Hen*****","male",28,0,0,"349243",7.8958,"","S"
385,3,"Mak*****","male",29,0,0,"STON/O 2. 3101268",7.925,"","S"
386,1,"Bla*****","male",45,0,0,"113784",35.5,"T","S"
387,3,"Eli*****","male",15,1,1,"2695",7.2292,"","C"
388,2,"Bow*****","male",42,0,0,"211535",13,"","S"
389,2,"Lah*****","male",30,1,1,"250651",26,"","S"
390,3,"Cox*****","male",59,0,0,"364500",7.25,"","S"
391,3,"Lob*****","female",26,1,0,"A/5. 3336",16.1,"","S"
392,3,"Wir*****","male",27,0,0,"315154",8.6625,"","S"
393,3,"Ben*****","male",26,0,0,"347068",7.775,"","S"
394,2,"Swa*****","male",18.5,0,0,"248734",13,"F","S"
395,2,"Rog*****","male",19,0,0,"28004",10.5,"","S"
396,3,"Coe*****","male",20,0,0,"SOTON/O.Q. 3101307",7.05,"","S"
397,1,"Har*****","male",NA,0,0,"113796",42.4,"","S"
398,3,"Nos*****","male",21,0,0,"A/4. 39886",7.8,"","S"
399,3,"Sir*****","male",NA,0,0,"392092",8.05,"","S"
400,3,"O'C*****","male",NA,0,0,"366713",7.75,"","Q"
401,3,"Lem*****","male",34.5,0,0,"2683",6.4375,"","C"
402,3,"Eli*****","male",17,1,1,"2690",7.2292,"","C"
403,3,"Sag*****","male",NA,8,2,"CA. 2343",69.55,"","S"
404,3,"Dav*****","male",24,2,0,"A/4 48871",24.15,"","S"
405,3,"Bos*****","male",26,0,0,"349224",7.8958,"","S"
406,3,"Bac*****","male",32,1,0,"3101278",15.85,"","S"
407,3,"Lai*****","female",37,0,0,"4135",9.5875,"","S"
408,3,"Har*****","female",NA,0,0,"W./C. 6609",7.55,"","S"
409,3,"Pan*****","male",16,4,1,"3101295",39.6875,"","S"
410,3,"Wid*****","male",51,0,0,"347064",7.75,"","S"
411,3,"All*****","male",18,0,0,"2223",8.3,"","S"
412,3,"Mar*****","male",NA,0,0,"2655",7.2292,"F E46","C"
413,3,"Rob*****","female",47,1,0,"A/5. 3337",14.5,"","S"
414,3,"Ric*****","male",10,4,1,"382652",29.125,"","Q"
415,2,"Den*****","male",25,0,0,"C.A. 31029",31.5,"","S"
416,3,"Col*****","male",24,0,0,"371109",7.25,"","Q"
417,3,"Coo*****","male",43,0,0,"A/5 3536",8.05,"","S"
418,3,"Sko*****","female",45,1,4,"347088",27.9,"","S"
419,3,"Joh*****","female",NA,1,2,"W./C. 6607",23.45,"","S"
420,2,"Fau*****","male",40,1,0,"2926",26,"","S"
421,3,"Haa*****","female",24,0,0,"349236",8.85,"","S"
422,3,"Pet*****","female",28,0,0,"349245",7.8958,"","S"
423,1,"Bre*****","male",NA,0,0,"112379",39.6,"","C"
424,1,"All*****","female",25,1,2,"113781",151.55,"C22 C26","S"
425,2,"Cor*****","female",NA,0,0,"F.C.C. 13534",21,"","S"
426,3,"And*****","male",39,1,5,"347082",31.275,"","S"
427,1,"Ros*****","male",46,0,0,"PC 17585",79.2,"","C"
428,1,"Eva*****","female",36,0,0,"PC 17531",31.6792,"A29","C"
429,3,"van*****","male",NA,0,0,"345777",9.5,"","S"
430,3,"Van*****","male",33,0,0,"345780",9.5,"","S"
431,2,"Bat*****","male",51,0,0,"S.O.P. 1166",12.525,"","S"
432,1,"But*****","male",45,0,0,"113050",26.55,"B38","S"
433,1,"Cli*****","male",NA,0,0,"110465",52,"A14","S"
434,3,"Tur*****","male",36,0,0,"349247",7.8958,"","S"
435,3,"For*****","male",18,2,2,"W./C. 6608",34.375,"","S"
436,1,"Wic*****","male",57,1,1,"36928",164.8667,"","S"
437,1,"Har*****","male",45,1,0,"36973",83.475,"C83","S"
438,3,"Han*****","male",21,0,0,"350029",7.8542,"","S"
439,2,"Hic*****","male",24,2,0,"S.O.C. 14879",73.5,"","S"
440,3,"Rob*****","male",50,1,0,"A/5. 3337",14.5,"","S"
441,3,"Lin*****","female",45,0,0,"347073",7.75,"","S"
442,1,"Uru*****","male",40,0,0,"PC 17601",27.7208,"","C"
443,3,"And*****","male",32,0,0,"C 4001",22.525,"","S"
444,3,"Ass*****","male",21,0,0,"2692",7.225,"","C"
445,3,"Ros*****","female",2,1,1,"370129",20.2125,"","S"
446,1,"Dou*****","male",50,1,0,"PC 17761",106.425,"C86","C"
447,2,"May*****","male",40,0,0,"239059",16,"","S"
448,3,"Jen*****","male",17,1,0,"350048",7.0542,"","S"
449,3,"Sta*****","male",33,0,0,"349239",8.6625,"","C"
450,3,"And*****","female",6,4,2,"347082",31.275,"","S"
451,3,"Asp*****","male",9,4,2,"347077",31.3875,"","S"
452,3,"Ree*****","male",NA,0,0,"362316",7.25,"","S"
453,3,"Gre*****","male",51,0,0,"21440",8.05,"","S"
454,3,"Gus*****","male",28,2,0,"3101277",7.925,"","S"
455,3,"Myh*****","male",18,0,0,"347078",7.75,"","S"
456,1,"Car*****","male",28,0,0,"113059",47.1,"","S"
457,2,"Eit*****","male",23,0,0,"29751",13,"","S"
458,3,"Bro*****","male",35,0,0,"364512",8.05,"","S"
459,3,"Mac*****","male",NA,0,0,"C.A. 42795",7.55,"","S"
460,2,"Gil*****","male",21,1,0,"28133",11.5,"","S"
461,2,"Wat*****","male",NA,0,0,"239856",0,"","S"
462,1,"Lin*****","male",42,0,0,"17475",26.55,"","S"
463,3,"Fis*****","male",18,0,0,"350036",7.7958,"","S"
464,2,"Lev*****","male",36,0,0,"SC/Paris 2163",12.875,"D","C"
465,3,"Den*****","male",36,0,0,"A/5 21175",7.25,"","S"
466,3,"Har*****","male",NA,0,0,"394140",6.8583,"","Q"
467,3,"Eks*****","male",45,0,0,"347061",6.975,"","S"
468,3,"Cal*****","male",17,0,0,"315093",8.6625,"","S"
469,3,"Con*****","male",31,0,0,"335097",7.75,"","Q"
470,3,"Han*****","male",23.5,0,0,"2693",7.2292,"","C"
471,3,"Nie*****","female",29,0,0,"3101297",7.925,"","S"
472,3,"Pal*****","female",8,3,1,"349909",21.075,"","S"
473,1,"Fra*****","male",NA,0,0,"113778",26.55,"D34","S"
474,2,"Ber*****","male",23,0,0,"28425",13,"","S"
475,3,"Dik*****","male",17,0,0,"349232",7.8958,"","S"
476,3,"For*****","female",21,2,2,"W./C. 6608",34.375,"","S"
477,2,"Bai*****","male",23,0,0,"C.A. 31030",10.5,"","S"
478,3,"Hen*****","female",NA,0,0,"382649",7.75,"","Q"
479,3,"Leo*****","male",36,0,0,"LINE",0,"","S"
480,3,"Ibr*****","male",30,0,0,"2685",7.2292,"","C"
481,2,"How*****","female",60,1,0,"24065",26,"","S"
482,3,"Att*****","male",30,0,0,"2694",7.225,"","C"
483,3,"O'B*****","male",NA,0,0,"330979",7.8292,"","Q"
484,3,"Dea*****","male",26,1,2,"C.A. 2315",20.575,"","S"
485,3,"Pan*****","male",7,4,1,"3101295",39.6875,"","S"
486,1,"Hoy*****","male",38,1,0,"19943",90,"C93","S"
487,2,"Col*****","male",24,0,0,"28034",10.5,"","S"
488,3,"Lun*****","male",32,0,0,"350403",7.5792,"","S"
489,2,"Her*****","female",24,1,2,"220845",65,"","S"
490,2,"Rug*****","female",21,0,0,"C.A. 31026",10.5,"","S"
491,1,"Cro*****","female",64,1,1,"112901",26.55,"B26","S"
492,1,"Rhe*****","male",NA,0,0,"PC 17607",39.6,"","S"
493,2,"Jac*****","female",24,2,1,"243847",27,"","S"
494,2,"Wes*****","female",0.92,1,2,"C.A. 34651",27.75,"","S"
495,2,"Wal*****","female",31,0,0,"F.C.C. 13528",21,"","S"
496,3,"Nak*****","female",1,0,2,"2653",15.7417,"","C"
497,3,"Dea*****","male",1,1,2,"C.A. 2315",20.575,"","S"
498,1,"Buc*****","female",60,0,0,"11813",76.2917,"D15","C"
499,3,"de *****","female",36,1,0,"345572",17.4,"","S"
500,3,"Asp*****","male",23,0,0,"350054",7.7958,"","S"
501,3,"Pet*****","F",NA,1,1,"2668",22.3583,"F E69","C"
502,3,"Sun*****","male",16,0,0,"SOTON/OQ 392089",8.05,"","S"
503,2,"Hew*****","F",55,0,0,"248706",16,"","S"
504,3,"Hym*****","male",NA,0,0,"3470",7.8875,"","S"
505,1,"Ken*****","female",NA,1,0,"17464",51.8625,"D21","S"
506,3,"Joh*****","female",27,0,2,"347742",11.1333,"","S"
507,3,"Foo*****","male",NA,0,0,"1601",56.4958,"","S"
508,1,"Dal*****","male",51,0,0,"113055",26.55,"E17","S"
509,1,"Fut*****","female",35,1,0,"113803",53.1,"C123","S"
510,2,"Nas*****","female",14,1,0,"237736",30.0708,"","C"
511,2,"Ang*****","female",36,1,0,"226875",26,"","S"
512,1,"Tay*****","female",NA,1,0,"19996",52,"C126","S"
513,3,"Kin*****","male",29,3,1,"315153",22.025,"","S"
514,1,"Bjo*****","male",28,0,0,"110564",26.55,"C52","S"
515,1,"Eus*****","F",54,1,0,"36947",78.2667,"D20","C"
516,2,"Col*****","F",31,1,1,"C.A. 31921",26.25,"","S"
517,1,"Cha*****","male",27,1,0,"113806",53.1,"E8","S"
518,3,"de *****","male",36.5,1,0,"345572",17.4,"","S"
519,2,"Bec*****","female",4,2,1,"230136",39,"F4","S"
520,3,"Nak*****","male",20,1,1,"2653",15.7417,"","C"
521,3,"O'L*****","female",NA,0,0,"330919",7.8292,"","Q"
522,1,"Hom*****","male",35,0,0,"111426",26.55,"","C"
523,3,"Mou*****","male",NA,1,1,"2661",15.2458,"","C"
524,1,"Dod*****","female",54,1,1,"33638",81.8583,"A34","S"
525,3,"San*****","F",4,1,1,"PP 9549",16.7,"G6","S"
526,2,"Bee*****","male",34,0,0,"248698",13,"D56","S"
527,3,"Hon*****","female",27,0,0,"STON/O2. 3101283",7.925,"","S"
528,1,"Ros*****","female",33,0,0,"PC 17613",27.7208,"A11","C"
529,1,"Gol*****","male",49,1,0,"17453",89.1042,"C92","C"
530,1,"Ste*****","female",43,1,0,"11778",55.4417,"C116","C"
531,3,"Bra*****","female",22,0,0,"334914",7.725,"","Q"
532,2,"Wel*****","female",29,0,2,"29103",23,"","S"
533,3,"Moo*****","female",27,0,1,"392096",12.475,"E121","S"
534,1,"Peu*****","male",52,0,0,"113786",30.5,"C104","S"
535,2,"Bro*****","female",15,0,2,"29750",39,"","S"
536,1,"Har*****","female",25,1,0,"11765",55.4417,"E50","C"
537,2,"She*****","female",25,0,1,"230433",26,"","S"
538,3,"Kar*****","male",39,0,1,"349256",13.4167,"","C"
539,2,"Bro*****","female",24,0,0,"248733",13,"F33","S"
540,1,"Gre*****","female",45,0,1,"PC 17759",63.3583,"D10 D12","C"
541,3,"Gil*****","F",16,0,0,"35851",7.7333,"","Q"
542,3,"Dea*****","female",33,1,2,"C.A. 2315",20.575,"","S"
543,1,"Lon*****","female",21,0,0,"13502",77.9583,"D9","S"
544,3,"Str*****","male",31,0,0,"STON/O 2. 3101288",7.925,"","S"
545,1,"Sch*****","female",35,1,0,"13236",57.75,"C28","C"
546,1,"Cal*****","male",42,0,0,"PC 17476",26.2875,"E24","S"
547,2,"Pin*****","female",32,0,0,"234604",13,"","S"
548,1,"Gra*****","male",53,0,0,"113780",28.5,"C51","C"
549,1,"Bon*****","female",58,0,0,"113783",26.55,"C103","S"
550,2,"Coo*****","female",22,0,0,"W./C. 14266",10.5,"F33","S"
551,3,"Asp*****","female",38,1,5,"347077",31.3875,"","S"
552,3,"Cou*****","male",3,1,1,"C.A. 37671",15.9,"","S"
553,1,"Gra*****","female",19,0,0,"112053",30,"B42","S"
554,1,"And*****","male",48,0,0,"19952",26.55,"E12","S"
555,1,"Smi*****","female",18,1,0,"13695",60,"C31","S"
556,1,"New*****","female",31,1,0,"35273",113.275,"D36","C"
557,1,"Fra*****","female",NA,1,0,"PC 17611",133.65,"","S"
558,1,"Wil*****","male",21,0,1,"PC 17597",61.3792,"","C"
559,1,"Fly*****","male",36,0,0,"PC 17474",26.3875,"E25","S"
560,1,"Fra*****","female",30,0,0,"PC 17485",56.9292,"E36","C"
561,3,"Tou*****","female",29,0,2,"2650",15.2458,"","C"
562,2,"Wel*****","male",2,1,1,"29103",23,"","S"
563,1,"Gra*****","female",58,0,1,"PC 17582",153.4625,"C125","S"
564,1,"Dav*****","female",27,1,2,"F.C. 12750",52,"B71","S"
565,3,"Joh*****","male",NA,0,0,"65306",8.1125,"","S"
566,2,"Hol*****","female",29,1,0,"26707",26,"","S"
567,1,"Bla*****","male",40,0,0,"112277",31,"A31","C"
568,3,"Ten*****","male",25,0,0,"350033",7.7958,"","S"
569,2,"Nou*****","male",20,0,0,"SC/PARIS 2166",13.8625,"D38","C"
570,2,"Lar*****","female",1,1,2,"SC/Paris 2123",41.5792,"","C"
571,3,"Mul*****","female",NA,0,0,"35852",7.7333,"","Q"
572,3,"Nic*****","female",14,1,0,"2651",11.2417,"","C"
573,3,"Osm*****","female",31,0,0,"349244",8.6833,"","S"
574,3,"Han*****","F",45,1,0,"350026",14.1083,"","S"
575,1,"Bis*****","female",35,0,0,"PC 17760",135.6333,"C99","S"
576,1,"Bir*****","F",29,0,0,"PC 17483",221.7792,"C97","S"
577,3,"Dal*****","female",30,0,0,"382650",6.95,"","Q"
578,3,"Sta*****","female",23,0,0,"CA. 2314",7.55,"","S"
579,3,"Dor*****","male",19,0,0,"A/5. 10482",8.05,"","S"
580,2,"Lei*****","female",NA,0,0,"248727",33,"","S"
581,3,"Jon*****","male",32,0,0,"350417",7.8542,"","S"
582,2,"Sin*****","female",30,0,0,"250648",13,"","S"
583,3,"Hee*****","male",NA,0,0,"1601",56.4958,"","S"
584,3,"Lan*****","male",26,0,0,"1601",56.4958,"","S"
585,1,"Sal*****","male",NA,0,0,"111163",26,"","S"
586,2,"Bec*****","male",1,2,1,"230136",39,"F4","S"
587,3,"Moc*****","female",NA,0,0,"330980",7.8792,"","Q"
588,2,"Tro*****","F",28,0,0,"240929",12.65,"","S"
589,1,"Rye*****","male",13,2,2,"PC 17608",262.375,"B57 B59 B63 B66","C"
590,1,"For*****","female",24,3,2,"19950",263,"C23 C25 C27","S"
591,1,"Dic*****","female",17,1,0,"17474",57,"B20","S"
592,1,"Sag*****","female",24,0,0,"PC 17477",69.3,"B35","C"
593,3,"Jus*****","male",32,0,0,"STON/O 2. 3101286",7.925,"","S"
594,1,"Rye*****","female",18,2,2,"PC 17608",262.375,"B57 B59 B63 B66","C"
595,1,"Beh*****","male",26,0,0,"111369",30,"C148","C"
596,3,"Kar*****","male",21,0,0,"350053",7.7958,"","S"
597,1,"Duf*****","F",48,1,0,"11755",39.6,"A16","C"
598,3,"Dah*****","male",45,0,0,"7598",8.05,"","S"
599,1,"Bis*****","male",25,1,0,"11967",91.0792,"B49","C"
600,3,"Chi*****","male",32,0,0,"1601",56.4958,"","S"
601,3,"Cou*****","male",9,1,1,"C.A. 37671",15.9,"","S"
602,1,"Har*****","female",49,1,0,"PC 17572",76.7292,"D33","C"
603,1,"For*****","female",60,1,4,"19950",263,"C23 C25 C27","S"
604,1,"Car*****","female",58,0,1,"PC 17755",512.3292,"B51 B53 B55","C"
605,2,"Too*****","female",50,0,0,"F.C.C. 13531",10.5,"","S"
606,2,"Cal*****","male",0.83,0,2,"248738",29,"","S"
607,1,"Car*****","female",36,1,2,"113760",120,"B96 B98","S"
608,2,"Ile*****","female",17,0,0,"SO/C 14885",10.5,"","S"
609,3,"Hei*****","female",26,0,0,"STON/O2. 3101282",7.925,"","S"
610,3,"Dow*****","female",30,0,0,"364516",12.475,"","S"
611,1,"Sta*****","male",32,0,0,"13214",30.5,"B50","C"
612,2,"Bea*****","male",32,1,0,"2908",26,"","S"
613,2,"Sin*****","female",20,0,0,"C.A. 33112",36.75,"","S"
614,3,"McG*****","female",15,0,0,"330923",8.0292,"","Q"
615,1,"Ste*****","female",52,1,0,"36947",78.2667,"D20","C"
616,3,"Wil*****","female",47,1,0,"363272",7,"","S"
617,3,"Dev*****","F",19,0,0,"330958",7.8792,"","Q"
618,3,"Rio*****","female",NA,0,0,"334915",7.7208,"","Q"
619,1,"Cha*****","F",47,1,0,"W.E.P. 5734",61.175,"E31","S"
620,2,"Bec*****","female",12,2,1,"230136",39,"F4","S"
621,2,"Wri*****","female",26,0,0,"220844",13.5,"","S"
622,2,"Dre*****","female",34,1,1,"28220",32.5,"","S"
623,2,"Kan*****","female",24,1,0,"244367",26,"","S"
624,3,"de *****","male",30,0,0,"345774",9.5,"","S"
625,1,"Sim*****","male",56,0,0,"13213",35.5,"A26","C"
626,1,"Mey*****","female",NA,1,0,"PC 17604",82.1708,"","C"
627,1,"Car*****","male",36,0,1,"PC 17755",512.3292,"B51 B53 B55","C"
628,1,"Gib*****","female",45,0,1,"112378",59.4,"","C"
629,2,"Cla*****","female",28,1,0,"2003",26,"","S"
630,3,"Hir*****","female",2,0,1,"3101298",12.2875,"","S"
631,2,"Ren*****","female",30,3,0,"31027",21,"","S"
632,1,"Can*****","female",53,0,0,"PC 17606",27.4458,"","C"
633,2,"Wel*****","female",4,1,1,"29103",23,"","S"
634,2,"Qui*****","female",8,1,1,"26360",26,"","S"
635,1,"Rye*****","female",48,1,3,"PC 17608",262.375,"B57 B59 B63 B66","C"
636,1,"Cum*****","F",38,1,0,"PC 17599",71.2833,"C85","C"
637,2,"Cal*****","female",22,1,1,"248738",29,"","S"
638,2,"Wat*****","female",40,0,0,"C.A. 33595",15.75,"","S"
639,3,"Bac*****","female",33,3,0,"3101278",15.85,"","S"
640,3,"Lan*****","female",22,0,0,"C 7077",7.25,"","S"
641,3,"Abr*****","female",18,0,0,"2657",7.2292,"","C"
642,2,"Bec*****","female",36,0,3,"230136",39,"F4","S"
643,3,"Var*****","male",22,0,0,"2658",7.225,"","C"
644,3,"Tho*****","female",16,1,1,"2625",8.5167,"","C"
645,1,"Bax*****","female",50,0,1,"PC 17558",247.5208,"B58 B60","C"
646,3,"Gol*****","female",31,1,1,"363291",20.525,"","S"
647,2,"Hoc*****","female",54,1,3,"29105",23,"","S"
648,3,"Abe*****","male",25,0,0,"348122",7.65,"F G63","S"
649,1,"For*****","female",28,3,2,"19950",263,"C23 C25 C27","S"
650,3,"Kel*****","female",NA,0,0,"14312",7.75,"","Q"
651,3,"Duq*****","male",24,0,0,"S.O./P.P. 752",7.55,"","S"
652,1,"New*****","F",23,1,0,"35273",113.275,"D36","C"
653,1,"Bec*****","female",47,1,1,"11751",52.5542,"D35","S"
654,3,"McC*****","male",NA,0,0,"367228",7.75,"","Q"
655,2,"Chr*****","female",25,1,1,"237789",30,"","S"
656,3,"And*****","female",19,1,0,"350046",7.8542,"","S"
657,1,"Spe*****","F",NA,1,0,"PC 17569",146.5208,"B78","C"
658,3,"Ols*****","male",32,0,0,"347079",7.775,"","S"
659,3,"Cri*****","female",17,0,1,"371362",16.1,"","S"
660,2,"Pad*****","male",NA,0,0,"SC/PARIS 2146",13.8625,"","C"
661,2,"Dol*****","female",18,0,1,"231919",23,"","S"
662,3,"Lam*****","male",NA,0,0,"1601",56.4958,"","S"
663,3,"Bac*****","female",5,2,1,"2666",19.2583,"","C"
664,2,"Wei*****","female",29,1,0,"228414",26,"","S"
665,1,"Bar*****","male",80,0,0,"27042",30,"A23","S"
666,1,"Fro*****","male",60,1,1,"13567",79.2,"B41","C"
667,2,"Ric*****","female",24,2,3,"29106",18.75,"","S"
668,2,"Sil*****","female",18,0,2,"250652",13,"","S"
669,3,"Dal*****","male",29,0,0,"382651",7.75,"","Q"
670,1,"Mar*****","female",18,1,0,"113773",53.1,"D30","S"
671,3,"Smy*****","female",NA,0,0,"335432",7.7333,"","Q"
672,1,"Bid*****","female",42,0,0,"PC 17757",227.525,"","C"
673,3,"Jal*****","male",29,0,0,"349240",7.8958,"","C"
674,2,"Pal*****","male",29,0,0,"SC/PARIS 2147",13.8583,"","C"
675,2,"Fau*****","female",29,1,0,"2926",26,"","S"
676,1,"Spe*****","female",40,1,1,"16966",134.5,"E34","C"
677,3,"San*****","female",1,1,1,"PP 9549",16.7,"G6","S"
678,3,"Cou*****","female",36,0,2,"C.A. 37671",15.9,"","S"
679,3,"Aks*****","male",0.83,0,1,"392091",9.35,"","S"
680,3,"Pet*****","female",NA,0,2,"2668",22.3583,"","C"
681,2,"Leh*****","female",17,0,0,"SC 1748",12,"","C"
682,1,"Ast*****","female",18,1,0,"PC 17757",227.525,"C62 C64","C"
683,3,"Kel*****","female",NA,0,0,"9234",7.75,"","Q"
684,3,"Ols*****","male",9,0,1,"C 17368",3.1708,"","S"
685,1,"Saa*****","male",NA,0,0,"19988",30.5,"C106","S"
686,1,"Ism*****","male",49,0,0,"112058",0,"B52 B54 B56","S"
687,2,"Oxe*****","male",22,0,0,"W./C. 14260",10.5,"","S"
688,3,"Sap*****","male",25,0,0,"345768",9.5,"","S"
689,1,"Spe*****","male",6,0,2,"16966",134.5,"E34","C"
690,3,"Ohm*****","female",22,0,0,"347085",7.775,"","S"
691,2,"Dav*****","female",28,0,0,"237668",13,"","S"
692,1,"McG*****","male",36,0,0,"PC 17473",26.2875,"E25","S"
693,1,"Rob*****","female",43,0,1,"24160",211.3375,"B3","S"
694,1,"App*****","female",53,2,0,"11769",51.4792,"C101","S"
695,2,"Kel*****","female",45,0,0,"223596",13.5,"","S"
696,3,"Lee*****","male",22,0,0,"2620",7.225,"","C"
697,1,"Har*****","male",48,1,0,"PC 17572",76.7292,"D33","C"
698,2,"Bal*****","female",36,0,0,"28551",13,"D","S"
699,3,"Bac*****","female",24,0,3,"2666",19.2583,"","C"
700,1,"Lin*****","female",55,0,0,"112377",27.7208,"","C"
701,1,"Gre*****","male",23,0,1,"PC 17759",63.3583,"D10 D12","C"
702,3,"Mas*****","female",NA,0,0,"2649",7.225,"","C"
703,3,"Nys*****","female",22,0,0,"347081",7.75,"","S"
704,3,"Joh*****","male",26,0,0,"347070",7.775,"","S"
705,2,"Phi*****","female",19,0,0,"250655",26,"","S"
706,3,"Kre*****","male",25,0,0,"2654",7.2292,"F E57","C"
707,3,"Lin*****","male",20,1,0,"STON/O 2. 3101285",7.925,"","S"
708,3,"Tou*****","female",9,1,1,"2650",15.2458,"","C"
709,3,"Bac*****","female",0.75,2,1,"2666",19.2583,"","C"
710,1,"Hol*****","female",35,1,0,"113789",52,"","S"
711,1,"Min*****","female",37,1,0,"19928",90,"C78","Q"
712,3,"Abb*****","female",35,1,1,"C.A. 2673",20.25,"","S"
713,1,"Tau*****","F",39,1,1,"110413",79.65,"E67","S"
714,3,"McC*****","female",NA,2,0,"367226",23.25,"","Q"
715,2,"Lou*****","female",42,1,0,"SC/AH 3085",26,"","S"
716,3,"Hak*****","female",24,1,0,"STON/O2. 3101279",15.85,"","S"
717,3,"Sve*****","male",14,0,0,"7538",9.225,"","S"
718,1,"Lur*****","female",58,0,0,"PC 17569",146.5208,"B80","C"
719,2,"Ham*****","male",0.67,1,1,"250649",14.5,"","S"
720,2,"Mal*****","F",24,1,1,"S.C./PARIS 2079",37.0042,"","C"
721,2,"Mel*****","male",19,0,0,"SW/PP 751",10.5,"","S"
722,3,"Mos*****","male",NA,0,0,"312991",7.775,"","S"
723,1,"Com*****","female",64,0,2,"PC 17756",83.1583,"E45","C"
724,2,"del*****","female",24,1,0,"SC/PARIS 2167",27.7208,"","C"
725,3,"Car*****","female",16,0,0,"367231",7.75,"","Q"
726,1,"Bow*****","F",22,0,1,"113505",55,"E33","S"
727,2,"Rey*****","female",28,0,0,"230434",13,"","S"
728,1,"Tau*****","female",18,0,2,"110413",79.65,"E68","S"
729,1,"And*****","female",63,1,0,"13502",77.9583,"D7","S"
730,1,"Lin*****","female",51,0,1,"PC 17592",39.4,"D28","S"
731,1,"Dou*****","female",27,1,1,"PC 17558",247.5208,"B58 B60","C"
732,2,"Hos*****","male",42,0,0,"237798",13,"","S"
733,3,"Nis*****","male",39,0,0,"STON/O 2. 3101289",7.925,"","S"
734,1,"Wil*****","female",31,0,0,"16966",134.5,"E39 E41","C"
735,3,"McC*****","female",NA,2,0,"367226",23.25,"","Q"
736,1,"Che*****","male",45,0,0,"PC 17594",29.7,"A9","C"
737,3,"Tho*****","male",0.42,0,1,"2625",8.5167,"","C"
738,3,"Mou*****","F",NA,0,2,"2661",15.2458,"","C"
739,2,"Qui*****","female",33,0,2,"26360",26,"","S"
740,1,"Bow*****","female",45,0,0,"PC 17608",262.375,"","C"
741,1,"Pot*****","female",56,0,1,"11767",83.1583,"C50","C"
742,3,"Tur*****","female",18,0,0,"4138",9.8417,"","S"
743,3,"Bin*****","male",32,0,0,"1601",56.4958,"","S"
744,1,"Car*****","female",14,1,2,"113760",120,"B96 B98","S"
745,3,"Tor*****","male",25,0,0,"LINE",0,"","S"
746,3,"Gol*****","male",9,0,2,"363291",20.525,"","S"
747,3,"Ema*****","female",5,0,0,"364516",12.475,"","S"
748,1,"Dod*****","male",53,1,1,"33638",81.8583,"A34","S"
749,2,"Dur*****","female",30,1,0,"SC/PARIS 2148",13.8583,"","C"
750,3,"Gly*****","female",NA,0,0,"335677",7.75,"","Q"
751,1,"Omo*****","male",NA,0,0,"F.C. 12998",25.7417,"","C"
752,2,"Dav*****","female",48,0,2,"C.A. 33112",36.75,"","S"
753,1,"Ica*****","female",38,0,0,"113572",80,"B28",""
754,1,"Bon*****","female",30,0,0,"36928",164.8667,"C7","S"
755,1,"Ser*****","female",30,0,0,"113798",31,"","C"
756,3,"Man*****","female",NA,0,0,"36866",7.7375,"","Q"
757,1,"Wil*****","female",21,0,0,"113795",26.55,"","S"
758,1,"Whi*****","female",55,0,0,"PC 17760",135.6333,"C32","C"
759,2,"Har*****","F",45,1,1,"F.C.C. 13529",26.25,"","S"
760,3,"Yas*****","female",15,1,0,"2659",14.4542,"","C"
761,1,"Mad*****","female",15,0,1,"24160",211.3375,"B5","S"
762,1,"Car*****","male",36,1,2,"113760",120,"B96 B98","S"
763,3,"Naj*****","female",15,0,0,"2667",7.225,"","C"
764,3,"McD*****","female",NA,0,0,"330932",7.7875,"","Q"
765,1,"Hip*****","female",44,0,1,"111361",57.9792,"B18","C"
766,1,"Har*****","female",35,1,0,"36973",83.475,"C83","S"
767,1,"War*****","female",60,1,0,"110813",75.25,"D37","C"
768,3,"Mad*****","male",24,0,0,"C 17369",7.1417,"","S"
769,2,"Cal*****","male",26,1,1,"248738",29,"","S"
770,3,"Rot*****","female",NA,0,0,"342712",8.05,"","S"
771,3,"How*****","female",NA,0,0,"A. 2. 39186",8.05,"","S"
772,3,"Dav*****","F",NA,1,0,"386525",16.1,"","S"
773,3,"Ayo*****","female",13,0,0,"2687",7.2292,"","C"
774,3,"Shi*****","female",NA,0,0,"330968",7.7792,"","Q"
775,3,"Hed*****","male",27,0,0,"347089",6.975,"","S"
776,1,"Car*****","male",11,1,2,"113760",120,"B96 B98","S"
777,1,"Gei*****","female",35,0,0,"113503",211.5,"C130","C"
778,1,"Kre*****","female",39,0,0,"24160",211.3375,"","S"
779,1,"Hog*****","female",51,1,0,"13502",77.9583,"D11","S"
780,1,"Rot*****","female",33,0,0,"110152",86.5,"B77","S"
781,1,"Ear*****","female",23,0,1,"11767",83.1583,"C54","C"
782,2,"Har*****","female",6,0,1,"248727",33,"","S"
783,3,"Lul*****","male",27,0,0,"315098",8.6625,"","S"
784,3,"Alb*****","male",26,0,0,"2699",18.7875,"","C"
785,1,"Hay*****","female",24,0,0,"11767",83.1583,"C54","C"
